,Country Name,Country codes,Mortality,Total_Cases,New_Cases,Total_Deaths,New_Deaths,Total_Cases_Per_Million,New_Cases_Per_Million,Total_Deaths_Per_Million,New_Deaths_Per_Million,New_Deaths_Smoothed_Per_Million,Total_Tests,New_Tests,Total_Tests_Per_Thousand,New_Tests_Per_Thousand,Tests_Per_Case,Positive_rate,Age(0-14),Age(14-64),Age(65+),Age(80 +),Basic water facility,Saf. managed water,Basic sanity,Safely Managed Sanity),"mortality(cancer,cvd)",Deaths by non-communicable dis % ,life exp(2018),Current Health Expenditure(%),Current Health Expenditure per capita(usa),Current Health Expenditure per capita(international),Physicians/1000 people,Nurses and midwives/1000 people,Diabetes Prevalence %,Mortality rates female/1000 female adults,Mortality rates male/1000 male adults,DGovtGHE (% of current health expenditure),DGGHE(% of GDP),DGGHE (% of general government expenditure),DGGHE per capita(current US $),"DGGHE per capita, PPP (current international $)",DPvtHE (% of current health expenditure),DPvtHE per capita (current US$),"DPvtHE per capita, PPP  (current international $)",OPE(% of current health expenditure),OPE per capita (current US$),"OPE per capita, PPP (current international $)",total % labor unemp,Hospital_Beds_Per_Thousand,Cardiovasc_Death_Rate,Diabetes_Prevalence,Female_smokers,Male_smokers,Human_Dev_index
0,Afghanistan,AFG,0.037859329,44771.0,252.0,1695.0,8.0,1150.0,6.47,43.54,0.21,0.25,7273142.789,60416.1868,172.33215769999998,2.24534408,146.2468133,0.831774082,42.47227139,54.91193440000001,2.622695155,0.277435863,67.06462342,81.44728375,43.41761001,74.17553068,29.8,44.1,64.486,2.791500278,114.4596405,2007.37163,2.450374213,0.1755,9.2,192.532,237.554,5.1,0.6,2.32,3.42,1357.187019,75.48,50.67,653.9837143,75.48,50.67,443.20048080000004,10.36499977,0.5,597.029,9.59,11.88105263,32.77777778,0.498
1,Argentina,ARG,0.027001861000000002,1370350.0,4181.0,37002.0,100.0,30320.0,92.51,818.71,2.21,4.95,7273142.789,60416.1868,172.33215769999998,2.24534408,146.2468133,0.831774082,24.59552588,64.16136585,11.19956201,2.616637233,91.67458257,81.44728375,81.77910759999999,74.17553068,15.8,77.6,76.52,10.36270484,407.63586430000004,1916.50415,3.9901,2.5996,5.9,79.483,147.086,72.43,6.61,16.05,959.44,1388.16,27.07,358.59,518.82,15.02,198.94,287.83,9.647000313,5.0,191.032,5.5,16.2,27.7,0.825
2,Armenia,ARM,0.015594788,126709.0,485.0,1976.0,24.0,42760.0,163.67,666.84,8.1,9.06,7273142.789,60416.1868,172.33215769999998,2.24534408,146.2468133,0.831774082,20.76595201,67.75038027,11.37683986,3.1575789289999996,99.91337654,86.47635485,93.64230727,48.22316687,22.3,93.3,74.945,7.8288040379999995,1225.437532,1001.069031,4.4023,6.107,6.1,65.595,173.428,13.24,1.37,5.27,53.99,132.59,85.47,348.4,855.6,84.35,343.83,844.38,15.91699982,4.2,341.01,7.11,1.5,52.1,0.755
3,Australia,AUS,0.032601272,27821.0,14.0,907.0,0.0,1091.0,0.55,35.57,0.0,0.0,8423824.0,45818.0,330.348,1.517,2628.262,0.0,19.27544671,64.80335154,15.91776497,4.083478298,99.96993559999999,81.44728375,99.99115238,75.63987157,9.1,89.5,82.74878049,10.39661691,4939.875488000001,4816.153809,3.6778,12.5508,5.6,113.9662371,175.51792930000002,68.91,6.34,17.8,3674.31,3318.95,31.09,1657.51,1497.21,18.15,967.84,874.23,5.251999855,3.84,107.791,5.07,13.0,16.5,0.939
4,Austria,AUT,0.008934520999999999,246124.0,5215.0,2199.0,44.0,27328.0,579.03,244.16,4.89,8.25,2018402.0,25278.0,224.108,2.1719999999999997,12.009,0.083,14.36185763,66.56253608,19.04135832,5.30965129,100.0,98.90620097,99.97290961,96.74673828,11.4,92.2,81.69268293,6.651829182999999,275.80935669999997,5617.396484000001,5.1697,7.0899,6.6,113.9662371,175.51792930000002,72.39,7.53,15.31,3576.1,4066.58,27.61,1363.77,1550.82,19.2,948.62,1078.72,4.842000008,7.37,145.183,6.35,28.4,30.9,0.908
5,Bangladesh,BGD,0.014279934,447341.0,2060.0,6388.0,38.0,2716.0,12.51,38.79,0.23,0.17,2224332.0,14958.0,13.505999999999998,0.08199999999999999,9.321,0.107,27.21436538,67.60528327,5.180489555,1.022221071,97.01600557,55.44122639,48.23324272,74.17553068,21.6,66.9,72.32,8.095603436000001,663.7150879,94.30201721,0.5433,0.3163,9.2,114.505,151.411,16.69,0.38,2.99,6.06,15.74,76.55,27.78,72.19,73.88,26.81,69.67,3.345000029,0.8,298.003,8.38,1.0,44.7,0.608
6,Belarus,BLR,0.008838781,123999.0,1564.0,1096.0,7.0,13123.0,165.52,115.99,0.74,0.76,1841704.0,60416.1868,194.903,1.4669999999999999,47.373000000000005,0.021,17.03632015,67.7628385,14.90810995,3.8212146060000003,96.48397119,94.5213903,97.79095198,80.51576593,23.7,90.5,74.17560976,5.642822757,280.4988098,1129.1132810000001,2.450374213,8.973589257,5.0,113.9662371,175.51792930000002,69.96,4.15,10.62,239.63,789.97,29.67,101.62,335.02,27.52,94.24,310.68,5.84499979,11.0,443.129,5.18,10.5,46.1,0.808
7,Belgium,BEL,0.027788427999999997,558146.0,2652.0,15510.0,126.0,48159.0,228.83,1338.27,10.87,13.94,4367693.0,78078.0,376.86300000000006,5.555,6.355,0.157,17.05820304,63.93523089,18.98457424,5.694524722000001,100.00000329999999,99.52318898,99.48606020000001,97.10018224,11.4,85.7,81.59512195,3.718582168,30.76644707,5119.074707,3.0709,18.9734,4.6,49.245,80.262,77.22,7.98,15.31,3480.46,3952.82,22.78,1026.89,1166.26,17.64,795.02,902.91,6.015999794,5.64,114.898,4.29,25.1,31.4,0.916
8,Bolivia,BOL,0.061866845,143922.0,0.0,8904.0,0.0,12329.0,0.0,762.78,0.0,0.67,321649.0,1110.0,27.555,0.077,5.606,0.17800000000000002,30.62526166,62.036106700000005,7.340966891,1.680705025,92.84873518,81.44728375,60.71693757,22.93827129,17.2,64.5,71.23899999999999,9.467476606,928.7993163999998,491.677063,2.450374213,1.5589,6.8,138.315,219.19400000000002,68.53,4.42,11.52,150.95,336.94,29.17,64.25,143.41,25.08,55.24,123.3,3.1429998869999998,1.1,204.299,6.89,11.88105263,32.77777778,0.693
9,Brazil,BRA,0.027865562000000003,6071401.0,18615.0,169183.0,194.0,28563.0,87.58,795.93,0.91,2.28,6421441.0,60416.1868,30.21,0.35,146.2468133,0.831774082,21.00919373,69.73919823,9.232510701,1.88199852,98.19339267,81.44728375,88.29384941,49.27578709,16.6,73.9,75.672,6.7791268229999995,1183.836182,1472.230957,2.1652,9.737,10.4,91.421,188.528,41.88,3.96,10.26,388.98,616.56,58.05,539.21,854.69,27.46,255.01,404.21,10.16800022,2.2,177.96099999999998,8.11,10.1,17.9,0.759
10,Bulgaria,BGR,0.023641437999999997,121820.0,1123.0,2880.0,60.0,17532.0,161.62,414.48,8.64,15.42,642677.0,9038.0,92.492,0.973,6.374,0.157,14.68537892,64.06165381,21.15179114,4.706861583,99.10834282,96.94593519,86.00369811,64.41371232,23.6,95.2,74.96341463,4.748104885,1127.186279,1689.687134,2.450374213,8.973589257,6.0,113.9662371,175.51792930000002,51.86,4.2,11.99,344.27,876.45,48.14,319.52,813.45,46.55,308.98,786.59,4.144999981000001,7.454,424.68800000000005,5.81,30.1,44.4,0.813
11,Canada,CAN,0.034659292,330503.0,4792.0,11455.0,49.0,8757.0,126.97,303.51,1.3,1.9,9397664.0,543766.0,248.99599999999998,3.764,57.104,0.018000000000000002,15.84589974,66.50620337,17.63821799,4.347222316,99.43624408,98.86085405,99.28601285,82.31639797,9.8,88.3,81.94878049,6.598977973999999,934.0080507000001,4928.62793,2.6102,9.9491,7.6,113.9662371,175.51792930000002,73.72,7.79,19.33,3505.28,3633.32,26.28,1249.67,1295.31,14.22,676.14,700.84,5.725999832,2.5,105.59899999999999,7.37,12.0,16.6,0.926
12,Chile,CHL,0.027872521,540640.0,1497.0,15069.0,39.0,28282.0,78.31,788.28,2.04,1.87,3997900.0,31734.0,209.137,1.6130000000000002,21.023000000000003,0.048,19.49427286,68.62418701,11.86058943,2.7513899110000004,99.8327912,98.63916973,100.0000014,77.46482309,12.4,84.7,80.042,5.151193216,440.8256226,2228.556885,2.4411,12.1372,8.6,59.035,107.669,50.06,4.5,17.73,691.8,1115.58,49.94,690.19,1112.98,33.53,463.44,747.33,6.5850000379999996,2.11,127.993,8.46,34.2,41.5,0.843
13,China,CHN,0.051661925,91731.0,11.0,4739.0,0.0,64.0,0.01,3.29,0.0,0.0,160000000.0,60416.1868,111.163,2.24534408,146.2468133,0.831774082,17.80450834,70.72329863,11.4983354,1.8342388509999998,92.84613551,81.44728375,84.76078771,72.08227202,17.0,89.3,76.704,4.453034326,69.74924469,841.1149292000001,1.9798,2.6621,9.2,60.272,93.777,56.67,2.92,9.07,249.83,476.69,43.33,190.99,364.42,36.05,158.92,303.23,4.842000008,4.34,261.899,9.74,1.9,48.4,0.752
14,Colombia,COL,0.028265395,1248417.0,7924.0,35287.0,183.0,24535.0,155.73,693.49,3.6,3.53,3661140.0,22162.0,71.952,0.515,146.2468133,0.831774082,22.62078466,68.61338533,8.750716144,1.807122125,97.30010961,73.23342574,89.62535776,16.98648896,15.8,74.8,77.109,7.384373993,58.76092911,1039.15979,2.1064,1.2714,7.4,77.999,151.616,67.8,4.9,17.49,311.33,704.55,32.2,147.86,334.61,16.31,74.89,169.47,7.517000198,1.71,124.24,7.44,4.7,13.5,0.747
15,Costa Rica,CRI,0.012424856000000001,129418.0,0.0,1608.0,0.0,25405.0,0.0,315.66,0.0,1.74,242306.0,3092.0,47.566,0.508,146.2468133,0.831774082,21.0786358,69.04092888,9.880148134,2.137428392,99.70151391,93.80279699,97.81836025,74.17553068,11.5,83.3,80.095,6.149120892000001,582.671927,1262.164307,2.9533,3.1798,9.1,56.968999999999994,113.079,73.51,5.39,26.91,638.85,927.81,26.44,229.76,333.68,21.26,184.73,268.28,10.68900013,1.13,137.97299999999998,8.78,6.4,17.4,0.794
16,Cote d'Ivoire,CIV,0.00619737,21138.0,12.0,131.0,2.0,801.0,0.46,4.97,0.08,0.02,181735.0,935.0,6.89,0.040999999999999995,44.443999999999996,0.023,41.71470319,55.41217747,2.8719567089999996,0.28198392899999997,72.86894644,36.54910371,32.13490714,74.17553068,29.1,37.2,57.422,4.670666903,67.81181335,175.6611176,2.450374213,0.5558,2.4,325.098,360.55199999999996,28.46,1.27,5.1,19.85,49.99,58.46,40.77,102.69,39.36,27.45,69.14,3.160000086,3.2853125,303.74,2.42,11.88105263,32.77777778,0.492
17,Croatia,HRV,0.013044987,103718.0,3308.0,1353.0,49.0,25265.0,805.79,329.58,11.94,10.58,428961.0,7313.0,104.49,1.527,5.999,0.16699999999999998,14.56222109,64.57764368,20.73827067,5.641676416,99.58666656,89.95941127,96.53844584,58.49694085,16.7,92.4,78.07073171,8.035501092999999,62.35327911,1772.481689,2.450374213,8.973589257,5.4,49.809,117.544,82.83,5.62,12.41,747.22,1468.1,17.17,154.89,304.32,10.97,98.99,194.5,6.112999916000001,5.54,253.782,5.59,34.3,39.9,0.831
18,Cuba,CUB,0.016823859,7846.0,48.0,132.0,0.0,693.0,4.24,11.65,0.0,0.01,770140.0,6798.0,67.994,0.622,171.208,0.006,16.04234991,68.39269093,15.55647943,3.6764639889999997,95.32758231,81.44728375,92.81024176,44.33717903,16.4,83.7,78.726,7.8288040379999995,1225.437532,2485.810791,8.295,7.7286,9.6,73.993,113.198,89.44,10.47,15.87,883.35,2223.36,10.48,103.53,260.58,10.48,103.53,260.58,1.503999949,5.2,190.968,8.27,17.1,53.3,0.777
19,Cyprus,CYP,0.005090825,8643.0,187.0,44.0,1.0,9868.0,213.5,50.23,1.14,0.65,455371.0,4304.0,519.89,4.293,31.483,0.032,16.70708967,69.24464468,14.048214600000001,3.2141639680000003,99.61328615,99.61328615,99.15231146,75.46367457,11.3,91.1,80.828,7.231339067,1475.915161,2430.176025,2.450374213,8.973589257,9.0,32.883,64.711,42.41,2.83,7.58,734.14,1030.25,57.17,989.78,1389.01,44.63,772.89,1084.64,6.361999989,3.4,141.171,9.24,19.6,52.7,0.869
20,Czech Republic,CZE,0.014618202,492263.0,1513.0,7196.0,101.0,45967.0,141.28,671.96,9.43,13.18,1885488.0,40327.0,176.06599999999997,3.016,3.734,0.268,15.72295013,64.47630503,19.75740064,4.100388979,99.8802588,97.88131195,99.13409923,94.45913535,15.0,89.9,79.02926829,11.246834699999999,5033.452147999999,2753.383789,4.0676,8.3955,7.0,113.9662371,175.51792930000002,81.75,5.91,15.18,1206.54,2250.86,18.25,269.37,502.53,14.81,218.57,407.75,1.5599999430000002,6.63,227.485,6.82,30.5,38.3,0.888
21,Democratic Republic of Congo ,COD,0.026799575,12239.0,59.0,328.0,1.0,137.0,0.66,3.66,0.01,0.01,7273142.789,154.0,172.33215769999998,0.002,8.4,0.11900000000000001,41.5372489,55.74133520000001,2.720908542,0.287954453,73.21776097,45.35481307,20.17287892,74.17553068,16.7,34.6,64.29,7.226280868,459.19757080000005,164.8262787,2.450374213,8.973589257,6.0,240.201,279.572,9.95,0.4,3.33,1.93,3.71,47.58,9.25,17.76,40.12,7.8,14.98,5.0229997630000005,3.2853125,318.949,6.1,11.88105263,32.77777778,0.457
22,Denmark,DNK,0.011122934,70485.0,850.0,784.0,3.0,12169.0,146.75,135.35,0.52,0.59,4679053.0,9826.0,807.819,5.6160000000000005,69.596,0.013999999999999999,16.40095872,63.63378215,19.95721948,4.608121779,99.99999894,96.73467194,99.59722882,94.84034790000001,11.3,89.7,80.95365854,6.136395037000001,433.20858760000004,5509.995605,2.450374213,8.973589257,8.3,113.9662371,175.51792930000002,84.02,8.49,16.6,4873.52,4629.72,15.98,926.63,880.28,13.74,796.85,756.99,4.583000183,2.5,114.76700000000001,6.41,19.3,18.8,0.929
23,Dominican Republic,DOM,0.016689546,138410.0,1626.0,2310.0,4.0,12759.0,149.89,212.94,0.37,0.33,547737.0,2245.0,50.492,0.317,8.398,0.11900000000000001,27.7086939,64.99291644,7.298075674,1.6351556090000001,96.69022475,81.44728375,83.89320632,74.17553068,19.0,72.3,73.892,6.374321878,258.4942932,985.7292480000001,1.56,1.1697,8.6,114.55,197.34900000000002,46.0,2.82,15.6,199.29,453.46,53.26,230.72,524.98,44.74,193.81,441.0,4.223999977,1.6,266.653,8.2,8.5,19.1,0.736
24,Egypt,EGY,0.05793306,113027.0,351.0,6548.0,13.0,1104.0,3.43,63.99,0.13,0.13,7273142.789,60416.1868,172.33215769999998,2.24534408,146.2468133,0.831774082,33.83483016,60.88883686,5.282653872,0.7772654059999999,99.10573046,81.44728375,94.19302188,60.74052792,27.7,84.1,71.825,10.13510663,3761.335294,613.8087768999999,0.7993,1.9271,17.2,105.456,182.7,33.0,1.74,5.42,34.9,202.53,66.67,70.51,409.22,60.08,63.55,368.79,6.623000145,1.6,525.432,17.31,0.2,50.1,0.696
25,El Salvador,SLV,0.028779085,37562.0,312.0,1081.0,6.0,5791.0,48.1,166.66,0.93,0.75,453726.0,2442.0,69.953,0.466,14.145,0.071,26.85844526,64.67197217,8.415143384,1.900272854,97.38837497,81.44728375,87.43356667,74.17553068,14.0,73.8,73.096,7.364083081,3361.644775,582.7357787999999,2.450374213,1.8375,8.8,103.29899999999999,268.447,63.75,4.61,19.24,180.08,371.47,36.11,102.02,210.44,29.2,82.48,170.14,4.6560001369999995,1.3,167.295,8.87,2.5,18.8,0.674
26,Estonia,EST,0.009049774,9724.0,349.0,88.0,1.0,7330.0,263.09,66.34,0.75,0.75,248156.0,1499.0,187.07,1.004,42.575,0.023,16.46326928,63.54492294,19.7116926,5.699580952000001,99.71282684,93.33299322,99.14655389,97.36063564,17.0,92.7,78.24390244,3.5025574269999997,25.26195335,2153.3396,3.4629,6.5272,4.2,113.9662371,175.51792930000002,74.66,4.8,12.22,971.06,1607.88,25.31,329.17,545.04,23.66,307.75,509.58,5.593999863,4.69,255.56900000000002,4.02,24.5,39.3,0.871
27,Ethiopia,ETH,0.015569315,105785.0,433.0,1647.0,11.0,920.0,3.77,14.33,0.1,0.1,1423505.0,6676.0,12.382,0.057999999999999996,9.902999999999999,0.10099999999999999,40.33644118,56.14686837,3.516821916,0.499556967,41.05995213,11.44477316,7.316332895,74.17553068,18.3,39.3,66.24,9.872566479,3261.426226,66.66216278,0.0986,0.8286,4.3,184.812,236.77900000000002,24.95,0.87,4.79,6.3,16.63,52.94,13.37,35.29,34.41,8.69,22.94,1.4889999630000001,0.3,182.63400000000001,7.47,0.4,8.5,0.463
28,Finland,FIN,0.017329821000000002,21639.0,423.0,375.0,0.0,3905.0,76.34,67.68,0.0,0.16,1348080.0,13467.0,243.304,2.148,62.04600000000001,0.016,16.01634155,61.84301383,22.1076497,5.502278432000001,100.0000022,99.63312714,99.44784412,99.20575094,10.2,93.2,81.73414634,3.5007447,188.4143219,4255.223633,2.450374213,8.973589257,5.6,44.026,89.21,76.74,7.07,13.04,3227.7,3265.67,23.25,977.95,989.45,20.23,850.71,860.72,6.967999935,3.28,153.507,5.76,18.3,22.6,0.92
29,France,FRA,0.022769749,2140208.0,13157.0,48732.0,214.0,32788.0,201.57,746.58,3.28,9.16,7273142.789,329918.0,172.33215769999998,3.655,10.306,0.09699999999999999,17.80215787,61.80647185,20.32280515,6.121180508999999,100.0000015,97.85376001,98.65001155,88.37135721,10.6,87.6,82.72439024,7.8288040379999995,1225.437532,5011.200684,3.2565,11.162,4.8,113.9662371,175.51792930000002,77.09,8.72,15.47,3376.42,3863.23,22.91,1003.31,1147.97,9.38,411.0,470.26,8.449999809,5.98,86.06,4.77,30.1,35.6,0.901
30,Georgia,GEO,0.009310884,108690.0,3958.0,1012.0,36.0,27246.0,992.19,253.69,9.02,9.99,7273142.789,60416.1868,172.33215769999998,2.24534408,146.2468133,0.831774082,20.03142542,64.90751896,14.91598322,3.743969626,98.39443935,79.99467920000001,90.02479097,27.16510829,24.9,93.7,73.6,3.262370452,66.74941254,773.2670287999999,6.1297,4.8564,5.8,77.23,221.61,37.21,2.83,9.52,109.06,287.78,60.4,177.02,467.1,54.76,160.48,423.46,16.0720005,2.6,496.218,7.11,5.3,55.5,0.78
31,Germany,DEU,0.015188353,929133.0,10864.0,14112.0,90.0,11090.0,129.67,168.43,1.07,2.67,19276507.0,60416.1868,230.074,1.9909999999999999,49.411,0.02,13.79948848,64.6375192,21.53342177,6.850819532999999,100.0,99.8,99.22503756,97.23319826,12.1,91.2,80.89268293,3.316517919,70.33089447,5922.638184,4.2488,13.2352,10.4,113.9662371,175.51792930000002,77.66,8.73,19.88,3908.97,4599.51,22.34,1124.48,1323.12,12.67,637.89,750.57,3.3440001010000002,8.0,156.139,8.31,28.2,33.1,0.936
32,Ghana,GHA,0.006349019,50874.0,0.0,323.0,0.0,1637.0,0.0,10.4,0.0,0.01,512523.0,2449.0,16.494,0.045,52.989,0.019,37.36487213,59.53780569,3.101333935,0.321030217,81.45338968,36.41161276,18.47216562,74.17553068,20.8,42.7,63.78,7.8288040379999995,1225.437532,146.86689760000002,0.1359,2.3519,2.5,214.333,254.99099999999999,33.47,1.09,6.07,22.34,49.16,52.03,34.73,76.42,40.29,26.89,59.18,4.375,3.2853125,231.2772381,7.456509434,11.88105263,32.77777778,0.759207547
33,Greece,GRC,0.01779107,91619.0,1498.0,1630.0,103.0,8790.0,143.72,156.38,9.88,7.18,1609040.0,20327.0,154.373,1.642,31.213,0.032,13.89659859,64.16193128,21.90346235,7.425416951,100.0,100.0,98.98319078,90.39114625,12.4,86.2,81.78780488,4.75711748,497.2360535,2295.3283690000003,5.4789,3.6331,4.7,42.478,93.96,60.18,4.84,10.23,912.65,1381.28,39.64,601.21,909.93,34.75,527.02,797.63,11.77099991,4.21,175.695,4.55,35.3,52,0.87
34,Guatemala,GTM,0.034359221,118629.0,212.0,4076.0,2.0,6622.0,11.83,227.51,0.11,1.15,396332.0,4434.0,22.122,0.17800000000000002,5.829,0.172,33.85933214,61.21168353,4.9221126260000005,1.070032047,94.19058074,55.99078169,65.06313508,74.17553068,14.9,59.2,74.063,7.8288040379999995,1225.437532,474.84863279999996,2.450374213,0.0686,10.0,111.16,201.48,35.84,2.08,17.21,93.17,170.21,63.07,163.95,299.5,54.13,140.71,257.06,2.0650000569999998,0.6,155.898,10.18,11.88105263,32.77777778,0.65
35,Honduras,HND,0.027356729,104435.0,0.0,2857.0,0.0,10544.0,0.0,288.45,0.0,0.49,7273142.789,60416.1868,172.33215769999998,2.24534408,146.2468133,0.831774082,31.15942483,64.01238565,4.827768168,1.043354905,94.82710944,81.44728375,81.25126294,74.17553068,14.0,66.5,75.08800000000001,5.169618917,53.23109679,394.759613,0.3089,0.7378,7.3,115.541,166.99900000000002,40.09,3.15,11.71,78.55,158.26,54.51,106.81,215.2,48.7,95.42,192.25,4.282000065,0.7,240.208,7.21,2.0,32.77777778,0.617
36,Hong Kong,Hng,0.018901670556603776,530097.3018867924,4465.132075471698,11782.264150943396,56.29245283018868,13836.783018867925,142.60641509433964,-1.446002,1.971792452830188,1293389.0,172.521,0.815,175.2140300789623,2.298533063113207,14.133504,10.789039,12.326708,68.140496,71.906403,70.175039,17.726,17.304557,4.425788400000001,5.5108807,100.0,73.34952075471696,100.0,7.771609787452833,1251.2149780082077,100.0,96.436224,9.092580563452833,96.436224,91.773449,176.64183292924528,91.773449,4.037728729094339,11.799887860377357,1057.7334692075472,1372.9835667547172,82.3,87.7,84.934146,7.8584254,195.93575,443.965584181132,5.807764146764152,3.3201297169811315,4.5,33.104,61.901,..,..
37,Hungary,HUN,0.021865447000000003,177952.0,3334.0,3891.0,91.0,18421.0,345.12,402.78,9.42,10.37,949470.0,13628.0,98.285,1.1540000000000001,6.936,0.14400000000000002,14.43321973,65.87232267,19.50951843,4.328545682,99.99999749,89.57276198,97.99087339,95.67874783,23.0,93.8,76.06585366,5.524213485,324.5867923,1979.40332,3.3447,6.8037,6.9,113.9662371,175.51792930000002,68.74,4.73,10.08,674.6,1360.58,31.26,306.82,618.82,26.89,263.95,532.35,3.410000086,7.02,278.296,7.55,26.8,34.8,0.838
38,Iceland,ISL,0.004927042,5277.0,8.0,26.0,0.0,15464.0,23.44,76.19,0.0,0.42,170037.0,1578.0,498.277,4.68,21.293000000000003,0.047,19.64717091,65.16070802,15.193849300000002,3.731350618,99.99999943,99.99999943,98.78216824,81.75807064,9.1,89.8,82.86097561,7.407464087,3144.626221,4721.42627,3.9773,15.7087,5.8,113.9662371,175.51792930000002,81.83,6.81,15.74,4980.34,3863.48,18.17,1105.97,857.95,16.48,1003.05,778.11,3.253999949,2.91,117.992,5.31,14.3,15.2,0.935
39,India,IND,0.014632382,9139865.0,44059.0,133738.0,511.0,6623.0,31.93,96.91,0.37,0.38,98670363.0,1469984.0,71.5,0.7709999999999999,18.617,0.054000000000000006,26.61826465,67.00381119,6.396862501,0.962017419,92.67464257,81.44728375,59.54344827,74.17553068,23.3,62.7,69.416,7.8288040379999995,1225.437532,253.32241820000002,0.7779,2.1079,10.4,147.161,203.623,27.13,0.96,3.38,18.8,68.73,72.06,49.93,182.55,62.4,43.24,158.08,5.421999931,0.53,282.28,10.39,1.9,20.6,0.64
40,Indonesia,IDN,0.03191686,497668.0,4360.0,15884.0,110.0,1819.0,15.94,58.07,0.4,0.35,2647094.0,33412.0,9.677999999999999,0.10300000000000001,6.96,0.14400000000000002,26.21511948,67.73457784,6.054440381,0.8769916809999999,89.34401223,81.44728375,73.12838737,74.17553068,26.4,73.3,71.509,4.451615353999999,49.63577039,367.9414063,0.3767,2.0532,6.3,125.66799999999999,177.53900000000002,48.37,1.45,8.73,55.62,177.99,51.1,58.75,188.02,34.61,39.79,127.33,4.921999931,1.04,342.86400000000003,6.32,2.8,76.1,0.694
41,Iran,IRN,0.052439190999999996,854361.0,13053.0,44802.0,475.0,10172.0,155.41,533.4,5.66,5.63,4628866.0,29312.0,55.11,0.344,6.3020000000000005,0.159,24.65465805,68.98681989,6.357317605,1.101270577,95.24454488,91.79529324,88.4218671,74.17553068,14.8,81.9,76.479,4.166630283,210.3137054,1748.395752,1.1292,2.6286,9.6,49.574,83.38600000000001,51.25,4.44,22.94,243.67,896.01,48.73,231.71,852.01,41.76,198.54,730.07,9.298999786,1.5,270.308,9.59,0.8,21.1,0.798
42,Iraq,IRQ,0.022337999,535321.0,1766.0,11958.0,33.0,13309.0,43.91,297.3,0.82,1.02,2705941.0,20197.0,67.274,0.48700000000000004,5.476,0.183,38.02092726,58.58053961,3.403312834,0.478899608,96.53347833,58.83332660000001,94.12102245,41.06775327,21.3,54.7,70.454,8.326291292999999,6086.311522999999,2007.37163,0.8375,1.8126,8.8,129.1,185.81099999999998,41.86,1.74,4.98,88.04,1357.187019,58.06,122.1,653.9837143,58.04,122.07,443.20048080000004,10.02999973,1.4,218.612,8.83,11.88105263,32.77777778,0.685
43,Israel,ISR,0.008518441,329403.0,1006.0,2806.0,49.0,38057.0,116.23,324.19,5.66,1.22,4399046.0,34722.0,508.235,4.008,17.586,0.057,27.88557191,59.90575367,12.20211667,3.0335051330000002,100.0000015,99.38180368,100.0000015,93.67255558,9.6,85.8,82.80243902,8.840259165,2840.130615,3014.647217,3.4783,5.7002,9.7,113.9662371,175.51792930000002,63.63,4.71,11.93,2000.77,1918.07,34.61,1088.47,1043.48,22.25,699.71,670.79,3.76699996,2.99,93.32,6.74,15.4,35.4,0.903
44,Italy,ITA,0.035363852,1408868.0,28337.0,49823.0,562.0,23302.0,468.68,824.04,9.3,10.86,14132421.0,170392.0,233.74099999999999,2.492,13.722999999999999,0.073,13.16665751,63.82120584,22.94825535,7.3297409060000005,99.44273388,95.03961456,98.77243267,96.20801357,9.5,91.4,83.34634146,5.988416821,307.19604489999995,3619.6979979999996,3.9805,6.0605,5.0,113.9662371,175.51792930000002,73.9,6.53,13.42,2098.78,2674.86,26.1,741.35,944.84,23.49,667.03,850.12,9.079000472999999,3.18,113.15100000000001,4.78,19.8,27.8,0.88
45,Japan,JPN,0.015124086,130917.0,738.0,1980.0,6.0,1035.0,5.84,15.66,0.05,0.11,7273142.789,60416.1868,172.33215769999998,2.24534408,146.2468133,0.831774082,12.57303102,59.424919700000004,27.93385591,8.633214098,99.01020833,98.45370749,99.89470757,98.76035784,8.4,82.4,84.21097561,3.1253617260000004,279.6453247,4563.457031,2.450374213,8.973589257,5.6,113.9662371,175.51792930000002,84.09,9.2,23.64,3505.81,3837.53,15.91,663.18,725.93,12.85,535.62,586.3,2.426000118,13.05,79.37,5.72,11.2,33.7,0.909
46,Jordan,JOR,0.012190003,183429.0,5268.0,2236.0,64.0,17978.0,516.31,219.15,6.27,6.5,78885.0,60416.1868,7.731,2.24534408,146.2468133,0.831774082,33.56224213,62.54434157,3.8972337230000003,0.615966613,98.93722265,93.81834359,97.33975414,80.55492485,19.2,78.4,74.405,10.93593314,4168.986328,756.6592407,2.3237,3.3598,12.7,89.001,123.898,44.8,3.64,12.39,152.62,338.99,45.9,156.36,347.29,30.43,103.65,230.23,12.74600029,1.4,208.257,11.75,11.88105263,32.77777778,0.735
47,Kazakhstan,KAZ,0.013972914,169757.0,919.0,2372.0,2.0,9041.0,48.94,126.33,0.11,0.4,3309626.0,19823.0,176.262,1.102,83.588,0.012,28.88124994,63.46640612,7.5930075210000005,1.574676426,95.62750722,89.51225143,97.87370168,74.17553068,26.8,86.0,73.15,4.802543297,76.61032104,820.3520507999999,2.450374213,8.973589257,6.1,94.435,220.812,62.08,1.94,7.87,173.61,509.28,37.77,105.63,309.87,33.15,92.7,271.94,3.894000053,6.7,466.792,7.11,7.0,43.1,0.8
48,Kenya,KEN,0.01783591,77372.0,968.0,1380.0,14.0,1439.0,18.0,25.66,0.26,0.3,640225.0,7556.0,11.905999999999999,0.08800000000000001,9.155,0.109,39.19337426,58.38279903,2.421483162,0.271600121,58.91633339,81.44728375,29.05111506,74.17553068,13.4,27.1,66.342,6.185863167000001,78.82283783,158.1556549,2.450374213,1.0587,3.1,194.507,264.72,42.74,2.05,7.98,32.74,67.59,39.39,30.18,62.29,24.04,18.42,38.03,2.502000093,1.4,218.637,2.92,1.2,20.4,0.59
49,Kuwait,KWT,0.006183241,140056.0,322.0,866.0,3.0,32796.0,75.4,202.78,0.7,0.94,857707.0,8045.0,200.842,1.6130000000000002,9.163,0.109,21.56983829,75.66632272,2.750232238,0.24157340600000002,100.0,100.0,100.0,100.0,17.4,72.4,75.398,7.970083836000001,653.9263971,3796.7148439999996,2.450374213,7.3489,12.2,41.12,69.179,87.39,4.62,8.92,1336.18,3317.75,12.62,192.9,478.97,12.62,192.9,478.97,1.2159999609999999,2.0,132.235,15.84,2.7,37,0.803
50,Latvia,LVA,0.011661585,13120.0,376.0,153.0,0.0,6956.0,199.34,81.12,0.0,2.27,408179.0,5510.0,216.403,2.271,35.074,0.028999999999999998,16.30775621,63.35573279,19.91360162,5.544682535,98.62618237,95.19085834,92.14826586,85.82376143,21.9,91.8,74.78292683,7.8288040379999995,1225.437532,1682.344238,3.1905,4.7517,5.0,113.9662371,175.51792930000002,57.14,3.4,9.0,531.63,961.34,42.68,397.1,718.08,41.99,390.63,706.38,7.103000164,5.57,350.06,4.91,25.6,51,0.847
51,Lebanon,LBN,0.0077269140000000005,116476.0,1193.0,900.0,6.0,17065.0,174.79,131.86,0.88,1.74,7273142.789,60416.1868,172.33215769999998,2.24534408,146.2468133,0.831774082,25.57221984,67.15448853,7.277871379,1.524881999,92.6,47.7,98.47663917,21.76206173,17.9,90.6,78.875,8.155337721,56.59902954,1185.327148,2.0255,1.6418,11.2,53.338,76.205,50.02,4.1,13.5,359.88,592.92,49.01,352.6,580.92,33.22,238.99,393.75,5.131000042,2.9,266.591,12.71,26.9,40.7,0.757
52,Libya,LBY,0.013993292,77823.0,1015.0,1089.0,21.0,11326.0,147.72,158.49,3.06,1.5,197575.0,3461.0,28.754,0.534,5.67,0.17600000000000002,28.06827699,67.47348414,4.462884202,0.7614556170000001,98.52894737,81.44728375,100.0,26.11147741,20.1,71.9,72.72399999999999,4.545886815,460.0688171,2007.37163,2.0905,6.5305,10.2,99.334,179.56599999999997,56.88570093,4.029622642,11.7940566,1043.0388679999999,1357.187019,39.76188679,479.94953269999996,653.9837143,31.26849057,303.4856075,443.20048080000004,15.51799965,3.7,341.86199999999997,10.43,11.88105263,32.77777778,0.706
53,Lithuania,LTU,0.008204560999999999,47047.0,2307.0,386.0,12.0,17282.0,847.45,141.79,4.41,5.72,935997.0,10239.0,343.827,3.075,30.791999999999998,0.032,15.13545128,64.70613601,19.77838568,6.00669245,97.5420681,92.04286501,93.35363515,91.31054756,20.7,89.8,75.68048780000001,5.481074378,5782.628418,2132.6091309999997,4.8257,7.9795,3.8,113.9662371,175.51792930000002,65.46,4.23,12.77,705.75,1395.96,34.39,370.8,733.44,32.27,347.97,688.27,6.462999821,6.56,342.98900000000003,3.67,21.3,38,0.858
54,Luxembourg,LUX,0.008637458,30333.0,571.0,262.0,2.0,48457.0,912.18,418.55,3.2,9.13,972457.0,12177.0,1553.505,11.975999999999999,37.458,0.027000000000000003,15.70723484,70.01781628,14.28977579,4.00556311,99.88960319,99.72467622,97.60054021,96.63666919,10.0,88.4,82.29512195,5.955661833,930.3523560000001,5956.483886999999,3.009,12.1744,5.0,113.9662371,175.51792930000002,84.86,4.65,10.8,4906.94,5054.46,13.79,797.47,821.45,10.69,618.14,636.72,4.737999916000001,4.51,128.275,4.42,20.9,26,0.904
55,Madagascar,MDG,0.014474367,17341.0,31.0,251.0,1.0,626.0,1.12,9.06,0.04,0.01,85407.0,60416.1868,3.0839999999999996,0.057999999999999996,111.86,0.009000000000000001,40.36683998,56.58909589,3.043480447,0.419089094,54.40398164,81.44728375,10.506760400000001,74.17553068,22.9,43.2,66.681,9.029976279,1006.9387820000001,85.48757935,2.450374213,8.973589257,4.5,181.739,232.545,46.88,2.58,15.02,11.57,40.08,30.12,7.43,25.75,24.69,6.09,21.1,1.7039999959999999,0.2,405.994,3.94,11.88105263,32.77777778,0.519
56,Malawi,MWI,0.030817924,6003.0,0.0,185.0,0.0,314.0,0.0,9.67,0.0,0.0,58498.0,273.0,3.0580000000000003,0.013000000000000001,52.706,0.019,43.46868847,53.88928735,2.635205745,0.308752404,68.83187676,81.44728375,26.22614825,74.17553068,16.4,31.7,63.798,3.859398142,384.06607060000005,114.8190002,2.450374213,8.973589257,4.5,212.388,325.106,30.65,2.96,9.78,9.89,35.19,16.92,5.46,19.43,10.59,3.42,12.16,4.749000072,1.3,227.34900000000002,3.94,4.4,24.7,0.477
57,Malaysia,MYS,0.006115929,54775.0,1096.0,335.0,3.0,1692.0,33.86,10.35,0.09,0.12,1940261.0,18826.0,59.948,0.677,28.706,0.035,23.69497915,69.38424954,6.931226879,1.119653325,96.69593891,93.32927846,99.57203616,88.63391199,17.2,73.6,75.997,16.55475896,9691.089339,1138.964111,2.450374213,3.4676,16.7,84.296,160.38299999999998,50.59,1.95,8.93,194.29,576.19,48.12,189.69,562.52,37.95,145.74,432.2,3.1380000110000004,1.9,260.942,16.74,1.0,42.4,0.802
58,Maldives,MDV,0.0036484770000000002,12608.0,30.0,46.0,1.0,23325.0,55.5,85.1,1.85,0.79,183678.0,1801.0,339.80300000000005,2.705,36.813,0.027000000000000003,19.90967185,76.44932791,3.860491262,0.8512808829999999,99.25620099,81.44728375,99.37299807,74.17553068,13.4,84.4,78.627,5.685185774,458.9608568,1506.938477,3.7228,6.4927,9.2,42.148999999999994,67.456,71.46,6.45,21.78,719.52,1076.79,28.46,286.62,428.94,20.65,207.9,311.14,6.406000137,3.2853125,164.905,9.19,2.1,55,0.717
59,Malta,MLT,0.012149533,8560.0,0.0,104.0,0.0,19387.0,0.0,235.54,0.0,2.91,251746.0,2116.0,570.156,5.218,81.455,0.012,14.32879475,64.8540325,20.82276253,4.7230391030000005,100.0000022,100.0000022,99.95599411,92.98406352,10.8,90.5,82.44878049,4.65907231,58.04395676,3943.095947,2.450374213,8.973589257,8.3,35.056,63.699,63.07,5.89,16.48,1630.67,2486.84,36.93,954.9,1456.26,34.75,898.58,1370.38,3.196000099,4.485,168.71099999999998,8.83,20.9,30.2,0.878
60,Mauritania,MRT,0.020874506,8096.0,0.0,169.0,0.0,1741.0,0.0,36.35,0.0,0.12,7273142.789,83.0,172.33215769999998,2.24534408,146.2468133,0.831774082,39.88891432,56.95484186,3.1582550289999998,0.41325770700000003,70.69618765,81.44728375,48.43548977,74.17553068,18.1,37.2,64.704,5.718720704,599.6997681,170.149353,0.1847,1.0673,7.1,176.149,218.359,38.8,1.71,6.07,18.94,66.02,54.22,26.47,92.26,49.55,24.19,84.3,8.427000046,3.2853125,232.347,2.42,11.88105263,32.77777778,0.52
61,Morocco,MAR,0.01637577,320962.0,0.0,5256.0,0.0,8696.0,0.0,142.4,0.0,1.85,3107430.0,22902.0,84.18799999999999,0.623,7.297999999999999,0.13699999999999998,26.96951716,65.73002807,7.297241146,1.189109136,86.77851266,70.26643983,88.50364407,38.75015085,12.4,79.6,76.453,1.772702299,2932.421875,438.09127810000007,0.7308,1.3887,7.0,62.159,72.327,42.91,2.25,7.49,69.08,187.96,56.87,91.57,249.16,53.94,86.84,236.29,8.489999771,1.1,419.14599999999996,7.14,0.8,47.9,0.667
62,Mozambique,MOZ,0.008246326,15037.0,56.0,124.0,1.0,481.0,1.79,3.97,0.03,0.05,169947.0,976.0,5.437,0.042,9.899,0.10099999999999999,44.36800049,52.75355334,2.860397635,0.34351869,55.69397562,81.44728375,29.36029465,74.17553068,18.4,26.9,60.163000000000004,4.403151572,48.81713104,61.77705765,0.0761,0.6842,3.3,268.188,389.52099999999996,29.86,1.48,4.66,6.29,18.45,8.96,1.89,5.54,7.4,1.56,4.57,3.04399991,0.7,329.94199999999995,3.3,5.1,32.77777778,0.437
63,Myanmar,MMR,0.021944325,79246.0,1398.0,1739.0,17.0,1456.0,25.69,31.96,0.31,0.43,317765.0,60416.1868,5.84,0.133,6.6339999999999995,0.151,25.91440126,68.07389414,5.977617382,0.775095201,81.77404853,81.44728375,64.33268404,74.17553068,24.2,67.8,66.867,6.684571057,262.1530717,287.64074710000006,0.8638,1.0054,3.9,149.971,247.696,14.81,0.69,3.49,8.59,42.59,76.23,44.25,219.27,76.23,44.25,219.27,1.337000012,0.9,202.104,4.61,6.3,47.1,0.578
64,Namibia,NAM,0.010457988,13865.0,54.0,145.0,0.0,5457.0,21.25,57.07,0.0,0.39,118462.0,703.0,46.622,0.33799999999999997,16.384,0.061,36.90591013,59.48603545,3.5821920780000003,0.583779431,82.54109887,81.44728375,34.50373693,74.17553068,21.3,40.9,63.373000000000005,7.8288040379999995,1225.437532,895.3595581000001,0.5914,2.0199,4.5,248.938,349.31699999999995,46.14,3.95,10.65,206.39,413.15,49.85,222.95,446.3,7.73,34.59,69.25,20.41699982,3.2853125,243.81099999999998,3.94,9.7,29.1,0.647
65,Nepal,NPL,0.005996151,220308.0,1669.0,1321.0,16.0,7561.0,57.28,45.34,0.55,0.49,7273142.789,60416.1868,172.33215769999998,2.24534408,146.2468133,0.831774082,29.5703756,64.64705679,5.781662227999999,0.756839527,88.81224952,27.24335289,62.05359545,74.17553068,21.8,66.2,70.47800000000001,11.01751551,1106.750977,150.0734253,0.9101,2.8479,7.2,129.611,167.31599999999997,22.34,1.24,4.51,10.7,33.53,62.4,29.9,93.64,57.8,27.69,86.74,1.7139999869999998,0.3,260.797,7.26,9.5,34.2,0.574
66,Netherlands,NLD,0.018342767,484060.0,5382.0,8879.0,21.0,28250.0,314.1,518.18,1.23,3.37,3104195.0,60416.1868,181.162,1.633,3.787,0.264,15.88349624,64.51118404,19.59992285,4.790208697,99.99999928,99.9510128,97.71361006,97.47326416,11.2,89.6,81.81219512,10.44634208,7936.375,5513.100098,3.6054,11.1839,5.4,113.9662371,175.51792930000002,64.4,6.5,15.3,3162.87,3550.32,35.58,1747.32,1961.37,11.09,544.53,611.23,2.8299999239999996,3.32,109.361,5.29,24.4,37.8,0.931
67,New Zealand,NZL,0.014934289,1674.0,2.0,25.0,0.0,347.0,0.42,5.18,0.0,0.0,1054047.0,6053.0,218.581,0.951,845.158,0.001,19.56660408,64.43943975,15.98009486,3.793347012,100.0,100.0,100.0,88.67926037,10.1,89.5,81.85853659,12.50827523,4675.683247,3767.513428,3.4728,12.3207,6.2,113.9662371,175.51792930000002,75.46,6.92,19.29,2970.86,2842.8,24.54,966.28,924.63,13.58,534.56,511.52,3.664000034,2.61,128.797,8.08,14.8,32.77777778,0.917
68,Nigeria,NGA,0.017579802,66383.0,155.0,1167.0,1.0,322.0,0.75,5.66,0.01,0.0,595283.0,4648.0,2.888,0.021,31.123,0.032,43.687530200000005,53.56938646,2.7455483469999997,0.216034143,71.3766307,20.13256048,39.1717541,26.65462071,22.5,29.0,54.332,8.645465225,192.08338930000002,221.0950012,2.450374213,8.973589257,3.1,324.961,364.32099999999997,14.18,0.53,4.6,10.48,31.36,77.91,57.59,172.25,77.22,57.09,170.74,7.34499979,3.2853125,181.013,2.42,0.6,17.2,0.532
69,Norway,NOR,0.009733444,31438.0,0.0,306.0,0.0,5799.0,0.0,56.45,0.0,0.32,7273142.789,60416.1868,172.33215769999998,2.24534408,146.2468133,0.831774082,17.41297454,65.31435954,17.28729838,4.21591186,100.0000046,98.34297535,98.05439150000001,76.31749323,9.2,87.0,82.75853659,5.553295091,47.91536331,6518.873047,2.8342,18.1559,5.3,38.861,62.494,85.47,8.93,17.88,6783.46,5571.88,14.53,1152.91,946.99,14.18,1125.16,924.2,3.4210000039999997,3.6,114.316,5.31,19.6,10.8,0.953
70,Oman,OMN,0.01130397,122081.0,721.0,1380.0,15.0,23906.0,141.19,270.24,2.94,1.18,7273142.789,2682.0,172.33215769999998,2.24534408,146.2468133,0.831774082,22.41839475,75.13301545,2.7595478310000003,0.469956176,91.93807842,90.27503841,99.99999868,74.17553068,17.8,71.9,77.633,4.560893793,639.8970204,1590.8432619999999,1.9572,4.2731,10.1,63.183,101.38799999999999,87.74,3.38,7.57,515.62,1395.85,12.26,72.03,194.99,6.69,39.33,106.47,1.111999989,1.6,266.342,12.61,0.5,10.8,0.821
71,Pakistan,PAK,0.020417638000000002,376929.0,2756.0,7696.0,34.0,1706.0,12.48,34.84,0.15,0.35,4204320.0,27050.0,19.033,0.126,44.901,0.022000000000000002,35.05437791,60.62321438,4.323791276000001,0.652333924,91.46545073,35.31434653,59.86949503,74.17553068,24.7,57.8,67.11399999999999,7.319491357,1112.3032230000001,160.5584564,1.0005,0.5986,19.9,137.509,172.896,31.59,0.92,4.3,14.08,50.71,66.67,29.73,107.05,60.24,26.86,96.72,4.221000195,0.6,423.031,8.35,2.8,20.7,0.562
72,Panama,PAN,0.019104165,154783.0,1206.0,2957.0,11.0,35873.0,279.51,685.32,2.55,2.78,596468.0,8514.0,138.239,1.306,8.88,0.113,26.77912011,64.90704329,8.314769535,1.975952526,96.38241895,81.44728375,83.31545897,74.17553068,13.0,74.6,78.329,4.995150492,332.57092289999997,1794.8096920000003,2.450374213,3.0866,7.7,76.653,148.159,59.92,4.39,20.08,666.48,1075.42,39.62,440.64,711.02,33.27,370.06,597.13,3.0460000039999997,2.3,128.346,8.33,2.4,15.6,0.789
73,Paraguay,PRY,0.021666928,76476.0,619.0,1657.0,5.0,10722.0,86.79,232.32,0.7,1.4,333885.0,3031.0,46.812,0.397,3.8819999999999997,0.258,29.17933588,64.19983942,6.627351301,1.243671279,99.61019773,63.89456928,89.78369143,58.46916165,17.5,74.4,74.131,7.8288040379999995,1225.437532,866.6269530999999,0.2399,0.7387,9.6,120.525,163.97799999999998,45.47,3.03,10.48,173.29,394.05,54.25,206.75,470.14,44.18,168.36,382.84,4.137000083999999,1.3,199.128,8.27,5.0,32.77777778,0.702
74,Peru,PER,0.037481441000000004,949670.0,1589.0,35595.0,46.0,28802.0,48.19,1079.56,1.4,1.58,630521.0,6525.0,19.123,0.201,146.2468133,0.831774082,25.25449584,66.35202530000001,8.39050092,1.737411465,91.12787097,50.35065162,74.34295659,42.7647232,12.6,69.2,76.516,4.44640778,132.9009857,681.2345581000001,2.450374213,2.213,6.6,84.815,146.37,63.35,3.16,14.9,210.69,431.57,36.41,121.08,248.01,28.19,93.75,192.03,3.026000023,1.6,85.755,5.95,4.8,9.9,0.75
75,Philippines,PHL,0.019395059,418818.0,1966.0,8123.0,43.0,3822.0,17.94,74.13,0.39,0.38,4219820.0,27259.0,38.509,0.24600000000000002,11.744000000000002,0.085,30.47588107,64.20912271,5.3192114639999994,0.8173648370000001,93.56837604,46.6540191,76.53350207,51.64014012,26.8,67.3,71.095,11.96116209,1596.362915,371.74234010000004,0.6004,5.2744,7.1,130.91,235.071,31.91,1.42,7.13,42.41,118.62,65.5,87.04,243.47,53.05,70.5,197.19,1.986999989,1.0,370.43699999999995,7.07,7.8,48.8,0.699
76,Poland,POL,0.015810414,861331.0,17856.0,13618.0,330.0,22758.0,471.8,359.82,8.72,12.34,3948032.0,58085.0,104.31700000000001,1.236,5.718999999999999,0.175,15.18538648,66.69771627,18.01709299,4.533620447,99.72468254,99.15606873,98.79661022,93.25245393,18.7,90.3,77.60243902,4.354131754,65.8968914,1958.167603,2.3788,5.7029,6.1,113.9662371,175.51792930000002,68.97,4.51,10.94,625.41,1350.49,31.01,281.24,607.31,23.05,209.02,451.35,2.996999979,6.62,227.331,5.91,23.3,21.6,0.865
77,Portugal,PRT,0.014944891,260758.0,4788.0,3897.0,73.0,25573.0,469.56,382.18,7.16,7.23,3093526.0,32555.0,303.385,2.622,13.421,0.075,13.25208506,64.39122422,22.22894117,6.483749187999999,99.90766021,95.31190784,99.60892314,84.70744585,11.1,85.6,81.32439024,6.654568762,381.1130676,2917.355713,5.124,6.9746,9.8,113.9662371,175.51792930000002,66.25,5.94,13.01,1264.18,1932.92,33.7,642.93,983.04,27.53,525.32,803.21,5.309000015,3.39,127.84200000000001,9.85,16.3,32.77777778,0.847
78,Qatar,QAT,0.0017197529999999999,137229.0,167.0,236.0,1.0,47631.0,57.97,81.91,0.35,0.1,908883.0,9444.0,315.468,2.6639999999999997,33.436,0.03,13.5959001,84.88093679,1.6185309190000001,0.192596375,99.56810194,96.18278647,100.0,96.03153716,15.3,68.9,80.1,5.157888308,555.1047363,3354.37793,0.0008,8.973589257,15.6,31.873,41.498000000000005,80.74,2.11,6.29,1331.51,2708.23,19.26,317.68,646.15,8.9,146.82,298.63,0.033,1.2,176.69,16.52,0.8,33.1,0.856
79,Romania,ROU,0.023998852999999997,418645.0,5837.0,10047.0,131.0,21762.0,303.42,522.26,6.81,8.32,2961452.0,34356.0,153.94,1.4180000000000001,7.172999999999999,0.139,15.57395813,65.63597608,18.70210629,4.780644146,100.0,81.9158095,84.30992434,76.54068847,21.4,92.2,75.35853659,5.344577879,585.87323,1367.79187,2.9807,7.3891,6.9,73.319,171.82,78.59,4.05,12.05,436.24,1074.9,21.41,118.86,292.87,20.49,113.73,280.23,4.350999832,6.892,370.94599999999997,9.74,22.9,30,0.811
80,Russia,RUS,0.017280665,2114502.0,25173.0,36540.0,361.0,14489.0,172.5,250.39,2.47,3.28,56230544.0,546615.0,385.314,3.3760000000000003,32.251,0.031,18.15492454,66.75095023,14.79811004,3.7625947839999996,97.0899112,76.02773435,90.48222462,61.30621915,25.4,87.4,72.65731707,6.5715983510000004,49.20445633,1404.216675,2.450374213,8.5429,6.1,113.9662371,175.51792930000002,57.09,3.05,8.78,334.47,801.65,42.91,251.41,602.57,40.49,237.24,568.61,4.53000021,8.05,431.29699999999997,6.18,23.4,32.77777778,0.816
81,Rwanda,RWA,0.008296558,5665.0,45.0,47.0,1.0,437.0,3.47,3.63,0.08,0.02,538085.0,1306.0,41.544,0.187,190.416,0.005,39.76603218,57.20571476,3.020147974,0.34488400799999996,57.71327853,81.44728375,66.5738424,74.17553068,18.2,44.0,68.7,3.4626483360000004,64.46539304,134.3714905,0.1371,1.1229,5.1,161.59,216.342,34.33,2.26,8.88,16.89,46.13,15.27,7.51,20.52,6.25,3.07,8.4,1.006000042,3.2853125,191.375,4.28,4.7,26.9,0.524
82,Saudi Arabia,SAU,0.016269866,355258.0,224.0,5780.0,19.0,10204.0,6.43,166.03,0.55,0.51,7562663.0,53523.0,217.231,1.4269999999999998,120.831,0.008,24.86598199,71.72113141,3.4612375539999998,0.505456657,100.0,81.44728375,100.0,77.75213927,16.4,73.2,74.998,6.341807544,193.793045,2826.334473,2.5366,5.4627,15.8,76.148,91.87200000000001,64.09,3.35,10.06,700.73,1811.31,39.76188679,392.67,1015.02,16.86,184.35,476.51,2.746999979,2.7,259.538,17.72,1.8,32.77777778,0.853
83,Senegal,SEN,0.02077824,15882.0,17.0,330.0,0.0,949.0,1.02,19.71,0.0,0.02,207287.0,1010.0,12.38,0.06,45.913999999999994,0.022000000000000002,42.83986907,54.06165449,3.0880460339999996,0.377473739,80.67785387,81.44728375,51.47398952,21.45576506,18.1,42.1,67.665,4.440382868,2618.712402,143.0919342,0.0691,0.3127,2.4,144.704,216.045,20.98,0.87,3.89,11.54,30.02,62.31,34.28,89.16,52.4,28.83,74.98,5.931000233,3.2853125,241.21900000000002,2.42,0.4,32.77777778,0.505
84,Serbia,SRB,0.009899273,121120.0,4995.0,1199.0,31.0,17800.0,734.06,176.2,4.56,3.99,1241864.0,5746.0,182.50400000000002,0.883,30.636,0.033,15.54094253,65.71855405,18.69521961,3.992755788,85.52211629,74.7295448,97.56719903,24.72604511,19.1,94.6,75.8902439,5.114540109,83.06232813,1382.1625980000001,2.450374213,8.973589257,9.0,74.794,141.791,56.71,4.78,11.92,299.76,783.89,43.13,227.94,596.08,41.75,220.68,577.09,11.65100002,5.609,439.415,10.08,37.7,32.77777778,0.787
85,Singapore,SGP,0.000481431,58160.0,12.0,28.0,0.0,9941.0,2.05,4.79,0.0,0.0,3486260.0,60416.1868,595.9069999999999,4.785,5599.2,0.0,12.33150315,75.27536737,12.44790955,2.271261298,100.0,100.0,100.0,100.0,9.3,73.6,83.14634146,4.684919119,101.2398682,4269.958008,2.450374213,6.2432,5.5,34.939,59.839,48.2,2.14,12.57,1262.33,2058.31,51.8,1356.38,2211.65,32.13,841.27,1371.73,4.267000198,2.4,92.243,10.99,5.2,40.2,0.932
86,Slovakia,SVK,0.006972081,96241.0,984.0,671.0,27.0,17628.0,180.23,122.9,4.95,4.21,664544.0,13369.0,121.719,1.839,6.218,0.161,15.52774384,68.29989227,16.09411179,3.2419533489999997,99.78773411,99.78773411,97.93813039,82.51972016,17.2,89.2,77.26585366,8.18701759,1920.28186,2184.2028809999997,3.4156,8.973589257,6.5,113.9662371,175.51792930000002,79.1,5.33,13.27,938.28,1727.78,20.89,247.84,456.38,18.71,221.96,408.73,4.622000217,3.2853125,231.2772381,7.456509434,11.88105263,32.77777778,0.759207547
87,Slovenia,SVN,0.010151896,65308.0,1024.0,663.0,6.0,31414.0,492.56,318.91,2.89,10.45,305875.0,6215.0,147.131,2.311,6.414,0.156,15.10564048,64.70807551,20.17381055,5.4053947,99.53502551,98.05297254,99.10956793,83.04132297,12.7,88.4,81.37804878,11.01874635,5904.583984000001,2960.5932620000003,3.0861,9.9745,5.9,113.9662371,175.51792930000002,71.82,5.88,13.62,1378.96,2126.01,28.21,541.66,835.1,12.33,236.74,364.99,3.687999964,4.5,153.493,7.25,20.1,28.3,0.896
88,South Africa,ZAF,0.027228829,767679.0,2270.0,20903.0,58.0,12944.0,38.27,352.44,0.98,1.6,4633671.0,25788.0,78.128,0.36700000000000005,12.752,0.078,28.96832505,65.61641934,5.40002857,0.718171893,92.67870194,81.44728375,75.7470984,74.17553068,26.2,51.3,63.857,4.47034128,67.64866638,1097.819214,0.9054,1.3078,12.7,248.81599999999997,376.404,53.65,4.35,13.34,267.85,588.99,44.39,221.61,487.31,7.77,38.78,85.27,26.53199959,2.32,200.38,5.52,8.1,37.7,0.699
89,South Korea,KOR,0.016417236,31004.0,271.0,509.0,4.0,605.0,5.29,9.93,0.08,0.04,2508191.0,12679.0,48.922,0.184,99.73200000000001,0.01,12.74644361,72.19337949,15.063260199999998,3.4175260360000004,99.787655,98.21386113,100.0,99.90430877,7.8,79.8,82.62682927,5.291384831,1529.0776369999999,2980.157959,2.3608,7.1203,6.9,32.342,79.266,57.38,4.36,13.42,1309.97,1709.94,42.62,973.11,1270.22,33.67,768.69,1003.39,4.836999893,12.27,85.99799999999999,6.8,6.2,25,0.903
90,Spain,ESP,0.027377258999999998,1556730.0,0.0,42619.0,0.0,33296.0,0.0,911.54,0.0,5.65,11912624.0,64997.0,254.78900000000002,2.09,9.065,0.11,14.57687197,65.77530508,19.60943426,6.181721446,99.92627831,98.44148919999999,99.90423089,96.62017615,9.9,91.4,83.43170732,6.4293578270000005,1300.481689,3468.692139,3.8723,5.7295,6.9,113.9662371,175.51792930000002,70.62,6.27,15.28,1769.97,2449.46,29.38,736.49,1019.23,23.57,590.67,817.42,10.82699966,3.2853125,231.2772381,7.456509434,11.88105263,32.77777778,0.759207547
91,Sri Lanka,LKA,0.004313123,20171.0,400.0,87.0,4.0,942.0,18.68,4.06,0.19,0.19,423332.0,8089.0,19.77,0.38299999999999995,71.126,0.013999999999999999,23.95646203,65.20473221,10.79010826,1.630901945,89.41629243,81.44728375,95.78172636,74.17553068,17.4,82.8,76.812,4.045105218,80.50091774,503.5632629,0.9277,1.9966,10.7,56.065,151.16,42.95,1.64,8.47,68.5,216.28,55.71,88.85,280.53,49.76,79.36,250.56,2.8699998860000004,3.6,197.093,10.68,0.3,40.9,0.77
92,Sweden,SWE,0.030754458999999998,208295.0,6243.0,6406.0,6.0,20625.0,618.16,634.3,0.59,1.66,7273142.789,21564.0,172.33215769999998,2.135,27.625999999999998,0.036000000000000004,17.62549023,62.17594015,20.20079681,5.2036909289999995,100.00000250000001,99.94000246,99.29552038,93.37938042,9.1,89.9,82.55853659,6.930378079,224.73677059999997,5699.606934,2.450374213,11.8164,4.8,38.431,62.062,83.69,9.22,18.69,4941.84,4770.28,16.31,962.75,929.33,15.03,887.61,856.8,7.06099987,2.22,133.982,4.79,18.8,32.77777778,0.933
93,Switzerland,CHE,0.012321967,289483.0,0.0,3567.0,0.0,33448.0,0.0,412.15,0.0,10.09,1701377.0,16224.0,196.58599999999998,2.25,6.667000000000001,0.15,14.940675899999999,66.22132804,18.82414919,5.212551008,100.00000290000001,95.45540815,99.89037352,99.53931048,8.6,89.6,83.75365854,7.8288040379999995,1225.437532,8216.958008,4.2957,17.5357,5.7,113.9662371,175.51792930000002,30.49,3.76,11.02,3035.95,2505.58,69.51,6920.31,5711.37,28.95,2882.04,2378.56,4.737999916000001,4.53,99.73899999999999,5.59,22.6,42.9,0.944
94,Thailand,THA,0.015333504,3913.0,0.0,60.0,0.0,56.0,0.0,0.86,0.0,0.0,1090380.0,5688.0,15.620999999999999,0.057999999999999996,539.132,0.002,16.82353621,70.77021345,12.3735772,2.640111699,99.93071158,81.44728375,98.75073461,74.17553068,14.5,74.0,76.931,7.228814811,57.89985275,670.8770752,0.8075,2.9573,7.0,77.992,186.85299999999998,76.13,2.85,15.03,188.06,510.72,23.64,58.41,158.61,11.15,27.54,74.78,0.813000023,2.1,109.861,7.04,1.9,32.77777778,0.755
95,Togo,TGO,0.022511432,2843.0,14.0,64.0,0.0,343.0,1.69,7.73,0.0,0.05,110962.0,772.0,13.402999999999999,0.111,48.681999999999995,0.021,40.9983537,56.11429871,2.8861431769999997,0.265740282,65.12884019,81.44728375,16.1321037,74.17553068,23.6,37.6,60.76,3.7460163239999997,247.0351105,103.73032380000001,0.0299,0.4201,2.4,244.396,277.736,17.66,1.09,5.05,6.72,18.32,68.63,26.11,71.19,58.42,22.23,60.6,2.486999989,0.7,280.033,6.15,0.9,26.7,0.503
96,Tunisia,TUN,0.03179989,88711.0,1240.0,2821.0,69.0,7506.0,104.92,238.69,5.84,5.75,225033.0,60416.1868,19.041,0.207,3.61,0.27699999999999997,24.22609727,67.18043418,8.586883468,1.718961041,96.25470364,92.65752454,90.92139742,78.11826368,16.1,85.8,76.505,4.216302931,444.65368650000005,863.2907715,1.3025,2.5136,8.5,67.321,106.66799999999999,57.12,4.13,13.63,143.13,493.13,42.45,106.36,366.45,39.12,98.02,337.72,13.81099987,2.3,318.991,8.52,1.1,38.8,0.735
97,Turkey,TUR,0.027657546,446822.0,6017.0,12358.0,139.0,5298.0,71.34,146.53,1.65,1.44,25.17,23.43802515,24.29082287,67.33968757,66.63538188,66.9828933,2.141107024,98.87571815,24.895,49.91122269,69.64400491,21.5,89.4,77.437,1180.641846,1.8492,62.33,119.23700000000001,77.71027088,3.276510537,9.689014405,345.54263310000005,917.4827881000001,22.28973007,99.1124115,263.16,4.029622642,11.7940566,1043.0388679999999,1357.187019,17.38,77.3,205.25,31.26849057,2.81,443.20048080000004,14.2,3.2853125,171.285,12.13,14.1,14.2,0.791
98,Uganda,UGA,0.009572573000000001,17968.0,301.0,172.0,4.0,393.0,6.58,3.76,0.09,0.08,527350.0,2384.0,11.529000000000002,0.044000000000000004,16.852,0.059000000000000004,46.50001534,51.53743447,1.9570567819999998,0.20076093399999997,49.10403239,7.065800299999999,18.47231816,74.17553068,21.9,32.9,62.973,6.99532032,177.4088898,121.1517868,0.168,1.4686,2.5,233.267,302.371,15.7,0.97,5.14,6.03,19.02,41.27,16.06,50.63,39.07,15.01,47.34,1.518000007,0.5,213.333,2.5,3.4,32.77777778,0.516
99,Ukraine,UKR,0.017649123,612665.0,0.0,10813.0,0.0,14009.0,0.0,247.25,0.0,3.95,2914006.0,33901.0,66.631,0.6579999999999999,5.082,0.19699999999999998,15.93971837,67.35529124,16.38680778,4.0799061430000005,93.79082011,92.00685673,96.22435599,68.45984576,24.7,91.0,71.58268293,5.719283764,459.9180423,584.5913696,2.450374213,8.973589257,6.1,113.9662371,175.51792930000002,44.02,3.08,7.42,78.1,257.36,54.3,96.33,317.41,52.32,92.81,305.84,9.880000114,8.8,539.849,7.11,13.5,65.8,0.751
100,United Arab Emirates,ARE,0.003471916,158990.0,1205.0,552.0,4.0,16075.0,121.84,55.81,0.4,0.32,12102874.0,114483.0,1223.6989999999998,11.151,84.905,0.012,14.71261177,84.13083877,1.191804655,0.132548327,98.04550656,81.44728375,98.58600874,96.28002493,16.8,76.8,77.814,9.124314785,1324.6035160000001,2468.549316,2.4356,5.6829,16.3,44.863,69.555,71.97,2.4,7.89,976.7,1776.71,28.03,380.32,691.84,18.87,256.03,465.75,1.6729999780000002,1.2,317.84,17.26,1.2,32.77777778,0.863
101,United Kingdom,GBR,0.036209901,1512045.0,18662.0,54751.0,125.0,22273.0,274.9,806.51,1.84,5.93,26395029.0,282556.0,388.814,4.034,15.022,0.067,17.69570052,63.79560384,18.49294958,5.051591077,100.0000015,99.98877925,99.11029548,97.75451456,10.9,88.8,81.25609756,7.601659,293.0535889,4338.372559,2.7863,8.2245,3.9,113.9662371,175.51792930000002,79.41,7.65,18.74,3064.25,3445.18,20.58,794.05,892.76,15.96,615.72,692.27,4.335000038,2.54,122.137,4.28,20.0,16.7,0.922
102,United States,USA,0.020967086,12246909.0,157471.0,256782.0,883.0,36999.0,475.74,775.77,2.67,4.56,138000000.0,739349.0,415.63,2.7680000000000002,15.623,0.064,18.54931712,65.24107673,16.19370335,3.9169772189999996,99.26919207,99.00177791,99.97001877,89.96699811,14.6,88.3,78.53902439,6.41438514,98.82457733,10246.13867,2.612,14.548,10.8,113.9662371,175.51792930000002,50.16,8.56,22.55,5139.27,5139.27,49.84,5106.87,5106.87,10.99,1126.35,1126.35,3.8840000630000002,2.77,151.089,10.79,19.1,47.4,0.924
103,Uruguay,URY,0.015109598,4699.0,135.0,71.0,2.0,1353.0,38.86,20.44,0.58,0.25,292525.0,2430.0,84.211,0.778,58.218,0.017,20.45807101,64.60068856,14.84715659,4.400318856,99.4023635,81.44728375,96.59619234,74.17553068,16.7,84.9,77.77,17.06126928,10246.13867,2101.911377,5.0794,1.9412,7.3,76.015,139.322,70.83,6.58,19.78,1127.36,1488.89,29.16,464.07,612.89,17.55,279.31,368.87,7.026000023,2.8,160.708,6.93,14.0,24.7,0.804
104,Vietnam,VNM,0.026799387,1306.0,0.0,35.0,0.0,13.0,0.0,0.36,0.0,0.0,1260799.0,3009.0,12.953,0.025,728.6089999999999,0.001,23.21382761,69.23249944,7.550998592999999,1.941045889,94.71880561,81.44728375,83.51504947,74.17553068,17.1,77.2,75.317,3.316853195,105.66652679999999,375.6432495,2.450374213,8.973589257,6.0,76.363,188.583,48.62,2.69,9.48,63.0,182.65,49.38,63.99,185.51,45.26,58.64,170.01,2.085000038,2.6,245.465,6.0,1.0,24.7,0.694
105,Zambia,ZMB,0.020488981,17424.0,30.0,357.0,1.0,948.0,1.63,19.42,0.05,0.03,218231.0,3482.0,11.870999999999999,0.174,56.603,0.018000000000000002,44.4625086,53.42217666,2.110997312,0.252336963,59.96375651,81.44728375,26.37011849,74.17553068,17.9,29.2,63.51,6.635916233,110.14962009999999,180.2706604,2.450374213,1.2988,4.5,221.57299999999998,321.143,38.63,1.73,6.86,26.13,69.64,18.79,12.71,33.87,11.85,8.02,21.36,10.88000011,2.0,234.49900000000002,3.94,3.1,32.77777778,0.588
106,Zimbabwe,ZWE,0.029067245,9220.0,48.0,268.0,3.0,620.0,3.23,18.03,0.2,0.11,133044.0,805.0,8.951,0.045,30.874000000000002,0.032,42.15812701,54.86126493,2.947506935,0.420735363,64.05122970000001,81.44728375,36.22139756,74.17553068,19.3,33.0,61.195,7.8288040379999995,1225.437532,201.0454559,0.1859,2.5972,1.8,337.702,373.207,51.62,3.43,15.23,56.85,103.77,33.66,37.08,67.67,20.62,22.72,41.46,4.440999985,1.7,307.846,1.82,1.6,45.9,0.535
